Negative Keyword,Level
what is wine,Campaign
wine history,Campaign
how is wine made,Campaign
wine wikipedia,Campaign
wine definition,Campaign
wine meaning,Campaign
wine facts,Campaign
wine information,Campaign
how to make wine,Campaign
homemade wine,Campaign
wine recipe,Campaign
make wine at home,Campaign
wine making kit,Campaign
wine making supplies,Campaign
homebrew wine,Campaign
wine jobs,Campaign
sommelier jobs,Campaign
wine careers,Campaign
winery jobs,Campaign
wine industry jobs,Campaign
wine sales jobs,Campaign
wine course,Campaign
wine certification,Campaign
sommelier training,Campaign
wset,Campaign
wine school,Campaign
wine degree,Campaign
wine classes near me,Campaign
wine review,Campaign
wine ratings,Campaign
wine scores,Campaign
wine critics,Campaign
wine colored,Campaign
wine color,Campaign
wine stain,Campaign
wine hangover,Campaign
wine headache,Campaign
wine allergy,Campaign
wine calories,Campaign
wine alcohol content,Campaign
wine vs beer health,Campaign
vivino,Campaign
wine.com,Campaign
total wine,Campaign
drizly,Campaign
naked wines,Campaign
free wine,Campaign
wine samples free,Campaign
free wine tasting,Campaign
pick up,Ad Group: Wine Delivery
in store,Ad Group: Wine Delivery
local only,Ad Group: Wine Delivery
cancel,Ad Group: Wine Subscriptions
refund,Ad Group: Wine Subscriptions
complaint,Ad Group: Wine Subscriptions
review,Ad Group: Wine Subscriptions
diy,Ad Group: Wine Gifts
make your own,Ad Group: Wine Gifts
homemade,Ad Group: Wine Gifts
free,Ad Group: Wine Gifts
premium,Ad Group: Budget Wine
luxury,Ad Group: Budget Wine
expensive,Ad Group: Budget Wine
rare,Ad Group: Budget Wine